Brand,Ratings,Title,Used,Promo,Price,Offers,Shipping
Oculus VR,205,Oculus Quest 2 - Advanced All-In-One Virtual Reality Headset - 256 GB,,"$20 promotional gift card w/ purchase, limited offer",399.00,2 ,Free 
Avegant,17,Avegant Glyph AG101 VR Headset Power 3D Mobile Theater International Version,,,99.99,No offers,$4.69 
Oculus VR,321,Oculus Rift S PC-Powered VR Gaming Headset,,,380.80,3 ,Free 
Oculus VR,205,Oculus Quest 2 - Advanced All-In-One Virtual Reality Headset - 64 GB,,"$15 promotional gift card w/ purchase, limited offer",299.00,2 ,Free 
HTC,12,HTC VIVE Cosmos Elite 99HART000-00 VR Headset,,,889.99,2 ,$9.99 
HTC,13,HTC Vive Cosmos PC Based VR System,,,699.00,5 ,Free 
Oculus VR,321,Oculus Quest 128GB VR Headset,,,659.19,2 ,Free 
Oculus VR,321,"Oculus Go Standalone, All-In-One VR Headset - 64 GB",,,399.99,No offers,Free 
Oculus VR,321,Oculus Quest 64GB VR Headset,,,584.99,2 ,Free 
HTC,2,HTC VIVE Cosmos Elite 99HASF006-00 VR Headset,$484.49,,549.99,1 ,Free 
HP,3,Hp Reverb Virtual Reality Headset - Professional Edition,,,645.64,3 ,Free 
,,VR Headset Compatible With iPhone & Android Phone - Universal Virtual Reality Goggles - Play Your Best Mobile Games With Soft & Comfortable New 3D VR Glasses,,,39.99,No offers,Free 
,1,"Quest Link Cable 16ft, VOKOO Oculus Link Cable with Signal Booster, Streaming VR Game & Fast Charging USB C 3.0 Cable Compatible for Oculus Quest Headset and Gaming PC",,,59.99,No offers,Free 
Oculus VR,3,Oculus Quest VR Headset Travel Case - 301-00199-01,,,79.99,No offers,Free 
,,"KT-CASE Cover for Oculus Quest, VR Silicone Face Cover for Oculus Quest VR-Anti-Sweat, Prevent Light Leakage, Washable Eye Pad (Blue)",,,16.99,No offers,Free 
,,VeeR VR Cable Management - Virtual Reality Wire Ceiling Pulley System for Oculus Rift S/Lenovo/Playstation VR/HTC Vive/HTC Vive Pro/Samsung Odyssey VR Accessories,,,30.99,No offers,Free 
,,"KIWI design VR Stand, Headset Display Holder and Controller Holder Mount Station for Oculus Quest/Rift/Rift S/GO/HTC Vive/Vive Pro/Valve Index VR Headset and Touch Controllers",,,41.99,No offers,Free 
,,"Google Cardboard,Topmaxions 3D VR Virtual Reality DIY VR Headset for 3D Movies and Games Compatible with Android & Apple Up to 6 Inch Easy Setup Machine",,,9.99,No offers,Free 
HTC,62,HTC VIVE Pro Eye Virtual Reality Headset Only with Eye Tracking,,,813.98,3 ,Free 
HOMiDO,,Homido VR Headset V2 for iPhone Android Apple Samsung LG 2000 Apps movies,,"Limited time offer, ends 06/30",29.89,No offers,Free 
,,Knuckle Strap & Controller Grip Skin for Oculus Quest/Oculus Rift S VR Headset,,,29.99,No offers,Free 
,,"VeeR Falcon VR Headset with Controller, Eye Protection Virtual Reality Goggles to Comfortable Watch 360 Movies for Android, Samsung Galaxy, Huawei and iPhone XR(4.7-6.3inch)",,,68.99,No offers,Free 
,,KIWI design 6 Packs Retracable VR Cable Management | Ceiling Suspension System Compitable with Vive/Vive Pro Virtual Reality/Oculus Rift/Playstation VR/Microsoft MR VR Accessories (White),,,31.99,No offers,Free 
SAMSUNG,12,Samsung HMD Odyssey+ Windows Mixed Reality Headset - XE800ZBA-HC1US,,,989.00,6 ,Free 
,,Shinecon VR Headset AI08 Giant Screen Same Screen Stereo Cinema 3D Glasses Pro Virtual Reality VR For iPhone Android Smartphone,,,230.00,No offers,Free 
Dreamgear,,Dreamgear BNK-9007 Ps4 Mantis Vr Headphones For Ps Vr,,,65.00,6 ,Free 
Sony,,"PlayStation VR Bundle (5 Items): VR Headset, Playstation Camera, Playstation Move Motion Controllers, Sony PS4 Slim 1TB Console - Jet Black, VR Game Disc Resident Evil 7: Biohazard",,,879.99,No offers,Free 
,,"Smart VR Headset,GOOVIS Pro VR Headset, Sony 1920x1080x2 HD Screen, 3D Theater Goggles,3D Viewer Support 4K Blue-ray Display,Compatible with Set-top Box, Drones, PS4, Xbox One, PC Nintendo, SmartPhone",,,890.00,No offers,Free 
,,Oculus Quest All-in-one VR Gaming Headset - 64GB - Black,$459.99,,692.99,2 ,Free 
,,VRG PRO+  VR glasses Virtual Reality 3D Glasses Full Screen Visual Wide-Angle VR Glasses For 5 to 7 inch Smartphones with Blue-ray,,,49.89,2 ,Free 
,,"LensPen VR - for AR/VR - Clean Augmented Reality, Virtual Reality Goggles, Headsets, Smart Glasses, Optics, PS4 VR, Microsoft HoloLens, Oculus Quest, Gamer - NLP-1-ARVR",,,24.99,No offers,Free 
,,VRG PRO+  VR glasses Virtual Reality 3D Glasses Full Screen Visual Wide-Angle VR Glasses For 5 to 7 inch Smartphones without Blue-ray,,,49.99,No offers,Free 
Sony,,"PlayStation VR Start Bundle (5 Items): VR Headset, Move Controller, PlayStation Camera Motion Sensor, Sony PS4 Slim 1TB Console - Jet Black, and VR Game Disc PSVR DriveClub",,,879.99,No offers,Free 
,,Bluetooth Wireless VR Virtual Reality 3D Glasses Goggles Headset with Remote for Smartphones Google 3d Box - white,,,59.99,No offers,Free 
,2,Merge VR - Virtual Reality Headset for iPhone and Android,,,79.99,No offers,Free 
CE CENTER,,Avegant Glyph AG101 VR Headset Power 3D Mobile Theater,,,148.99,No offers,Free 
Oculus VR,205,Oculus Quest 2 - Advanced All-In-One Virtual Reality Headset - 256 GB,,"$20 promotional gift card w/ purchase, limited offer",399.00,2 ,Free 
Avegant,17,Avegant Glyph AG101 VR Headset Power 3D Mobile Theater International Version,,,99.99,No offers,$4.69 
Oculus VR,321,Oculus Rift S PC-Powered VR Gaming Headset,,,380.80,3 ,Free 
Oculus VR,205,Oculus Quest 2 - Advanced All-In-One Virtual Reality Headset - 64 GB,,"$15 promotional gift card w/ purchase, limited offer",299.00,2 ,Free 
HTC,12,HTC VIVE Cosmos Elite 99HART000-00 VR Headset,,,889.99,2 ,$9.99 
HTC,13,HTC Vive Cosmos PC Based VR System,,,699.00,5 ,Free 
Oculus VR,321,Oculus Quest 128GB VR Headset,,,659.19,2 ,Free 
Oculus VR,321,"Oculus Go Standalone, All-In-One VR Headset - 64 GB",,,399.99,No offers,Free 
Oculus VR,321,Oculus Quest 64GB VR Headset,,,584.99,2 ,Free 
HTC,2,HTC VIVE Cosmos Elite 99HASF006-00 VR Headset,$484.49,,549.99,1 ,Free 
HP,3,Hp Reverb Virtual Reality Headset - Professional Edition,,,645.64,3 ,Free 
,,VR Headset Compatible With iPhone & Android Phone - Universal Virtual Reality Goggles - Play Your Best Mobile Games With Soft & Comfortable New 3D VR Glasses,,,39.99,No offers,Free 
,1,"Quest Link Cable 16ft, VOKOO Oculus Link Cable with Signal Booster, Streaming VR Game & Fast Charging USB C 3.0 Cable Compatible for Oculus Quest Headset and Gaming PC",,,59.99,No offers,Free 
Oculus VR,3,Oculus Quest VR Headset Travel Case - 301-00199-01,,,79.99,No offers,Free 
,,"KT-CASE Cover for Oculus Quest, VR Silicone Face Cover for Oculus Quest VR-Anti-Sweat, Prevent Light Leakage, Washable Eye Pad (Blue)",,,16.99,No offers,Free 
,,VeeR VR Cable Management - Virtual Reality Wire Ceiling Pulley System for Oculus Rift S/Lenovo/Playstation VR/HTC Vive/HTC Vive Pro/Samsung Odyssey VR Accessories,,,30.99,No offers,Free 
,,"KIWI design VR Stand, Headset Display Holder and Controller Holder Mount Station for Oculus Quest/Rift/Rift S/GO/HTC Vive/Vive Pro/Valve Index VR Headset and Touch Controllers",,,41.99,No offers,Free 
,,"Google Cardboard,Topmaxions 3D VR Virtual Reality DIY VR Headset for 3D Movies and Games Compatible with Android & Apple Up to 6 Inch Easy Setup Machine",,,9.99,No offers,Free 
HTC,62,HTC VIVE Pro Eye Virtual Reality Headset Only with Eye Tracking,,,813.98,3 ,Free 
HOMiDO,,Homido VR Headset V2 for iPhone Android Apple Samsung LG 2000 Apps movies,,"Limited time offer, ends 06/30",29.89,No offers,Free 
,,Knuckle Strap & Controller Grip Skin for Oculus Quest/Oculus Rift S VR Headset,,,29.99,No offers,Free 
,,"VeeR Falcon VR Headset with Controller, Eye Protection Virtual Reality Goggles to Comfortable Watch 360 Movies for Android, Samsung Galaxy, Huawei and iPhone XR(4.7-6.3inch)",,,68.99,No offers,Free 
,,KIWI design 6 Packs Retracable VR Cable Management | Ceiling Suspension System Compitable with Vive/Vive Pro Virtual Reality/Oculus Rift/Playstation VR/Microsoft MR VR Accessories (White),,,31.99,No offers,Free 
SAMSUNG,12,Samsung HMD Odyssey+ Windows Mixed Reality Headset - XE800ZBA-HC1US,,,989.00,6 ,Free 
,,Shinecon VR Headset AI08 Giant Screen Same Screen Stereo Cinema 3D Glasses Pro Virtual Reality VR For iPhone Android Smartphone,,,230.00,No offers,Free 
Dreamgear,,Dreamgear BNK-9007 Ps4 Mantis Vr Headphones For Ps Vr,,,65.00,6 ,Free 
Sony,,"PlayStation VR Bundle (5 Items): VR Headset, Playstation Camera, Playstation Move Motion Controllers, Sony PS4 Slim 1TB Console - Jet Black, VR Game Disc Resident Evil 7: Biohazard",,,879.99,No offers,Free 
,,"Smart VR Headset,GOOVIS Pro VR Headset, Sony 1920x1080x2 HD Screen, 3D Theater Goggles,3D Viewer Support 4K Blue-ray Display,Compatible with Set-top Box, Drones, PS4, Xbox One, PC Nintendo, SmartPhone",,,890.00,No offers,Free 
,,Oculus Quest All-in-one VR Gaming Headset - 64GB - Black,$459.99,,692.99,2 ,Free 
,,VRG PRO+  VR glasses Virtual Reality 3D Glasses Full Screen Visual Wide-Angle VR Glasses For 5 to 7 inch Smartphones with Blue-ray,,,49.89,2 ,Free 
,,"LensPen VR - for AR/VR - Clean Augmented Reality, Virtual Reality Goggles, Headsets, Smart Glasses, Optics, PS4 VR, Microsoft HoloLens, Oculus Quest, Gamer - NLP-1-ARVR",,,24.99,No offers,Free 
,,VRG PRO+  VR glasses Virtual Reality 3D Glasses Full Screen Visual Wide-Angle VR Glasses For 5 to 7 inch Smartphones without Blue-ray,,,49.99,No offers,Free 
Sony,,"PlayStation VR Start Bundle (5 Items): VR Headset, Move Controller, PlayStation Camera Motion Sensor, Sony PS4 Slim 1TB Console - Jet Black, and VR Game Disc PSVR DriveClub",,,879.99,No offers,Free 
,,Bluetooth Wireless VR Virtual Reality 3D Glasses Goggles Headset with Remote for Smartphones Google 3d Box - white,,,59.99,No offers,Free 
,2,Merge VR - Virtual Reality Headset for iPhone and Android,,,79.99,No offers,Free 
CE CENTER,,Avegant Glyph AG101 VR Headset Power 3D Mobile Theater,,,148.99,No offers,Free 
Oculus VR,205,Oculus Quest 2 - Advanced All-In-One Virtual Reality Headset - 256 GB,,"$20 promotional gift card w/ purchase, limited offer",399.00,2 ,Free 
Avegant,17,Avegant Glyph AG101 VR Headset Power 3D Mobile Theater International Version,,,99.99,No offers,$4.69 
Oculus VR,321,Oculus Rift S PC-Powered VR Gaming Headset,,,380.80,3 ,Free 
Oculus VR,205,Oculus Quest 2 - Advanced All-In-One Virtual Reality Headset - 64 GB,,"$15 promotional gift card w/ purchase, limited offer",299.00,2 ,Free 
HTC,12,HTC VIVE Cosmos Elite 99HART000-00 VR Headset,,,889.99,2 ,$9.99 
HTC,13,HTC Vive Cosmos PC Based VR System,,,699.00,5 ,Free 
Oculus VR,321,Oculus Quest 128GB VR Headset,,,659.19,2 ,Free 
Oculus VR,321,"Oculus Go Standalone, All-In-One VR Headset - 64 GB",,,399.99,No offers,Free 
Oculus VR,321,Oculus Quest 64GB VR Headset,,,584.99,2 ,Free 
HTC,2,HTC VIVE Cosmos Elite 99HASF006-00 VR Headset,$484.49,,549.99,1 ,Free 
HP,3,Hp Reverb Virtual Reality Headset - Professional Edition,,,645.64,3 ,Free 
,,VR Headset Compatible With iPhone & Android Phone - Universal Virtual Reality Goggles - Play Your Best Mobile Games With Soft & Comfortable New 3D VR Glasses,,,39.99,No offers,Free 
,1,"Quest Link Cable 16ft, VOKOO Oculus Link Cable with Signal Booster, Streaming VR Game & Fast Charging USB C 3.0 Cable Compatible for Oculus Quest Headset and Gaming PC",,,59.99,No offers,Free 
Oculus VR,3,Oculus Quest VR Headset Travel Case - 301-00199-01,,,79.99,No offers,Free 
,,"KT-CASE Cover for Oculus Quest, VR Silicone Face Cover for Oculus Quest VR-Anti-Sweat, Prevent Light Leakage, Washable Eye Pad (Blue)",,,16.99,No offers,Free 
,,VeeR VR Cable Management - Virtual Reality Wire Ceiling Pulley System for Oculus Rift S/Lenovo/Playstation VR/HTC Vive/HTC Vive Pro/Samsung Odyssey VR Accessories,,,30.99,No offers,Free 
,,"KIWI design VR Stand, Headset Display Holder and Controller Holder Mount Station for Oculus Quest/Rift/Rift S/GO/HTC Vive/Vive Pro/Valve Index VR Headset and Touch Controllers",,,41.99,No offers,Free 
,,"Google Cardboard,Topmaxions 3D VR Virtual Reality DIY VR Headset for 3D Movies and Games Compatible with Android & Apple Up to 6 Inch Easy Setup Machine",,,9.99,No offers,Free 
HTC,62,HTC VIVE Pro Eye Virtual Reality Headset Only with Eye Tracking,,,813.98,3 ,Free 
HOMiDO,,Homido VR Headset V2 for iPhone Android Apple Samsung LG 2000 Apps movies,,"Limited time offer, ends 06/30",29.89,No offers,Free 
,,Knuckle Strap & Controller Grip Skin for Oculus Quest/Oculus Rift S VR Headset,,,29.99,No offers,Free 
,,"VeeR Falcon VR Headset with Controller, Eye Protection Virtual Reality Goggles to Comfortable Watch 360 Movies for Android, Samsung Galaxy, Huawei and iPhone XR(4.7-6.3inch)",,,68.99,No offers,Free 
,,KIWI design 6 Packs Retracable VR Cable Management | Ceiling Suspension System Compitable with Vive/Vive Pro Virtual Reality/Oculus Rift/Playstation VR/Microsoft MR VR Accessories (White),,,31.99,No offers,Free 
SAMSUNG,12,Samsung HMD Odyssey+ Windows Mixed Reality Headset - XE800ZBA-HC1US,,,989.00,6 ,Free 
,,Shinecon VR Headset AI08 Giant Screen Same Screen Stereo Cinema 3D Glasses Pro Virtual Reality VR For iPhone Android Smartphone,,,230.00,No offers,Free 
Dreamgear,,Dreamgear BNK-9007 Ps4 Mantis Vr Headphones For Ps Vr,,,65.00,6 ,Free 
Sony,,"PlayStation VR Bundle (5 Items): VR Headset, Playstation Camera, Playstation Move Motion Controllers, Sony PS4 Slim 1TB Console - Jet Black, VR Game Disc Resident Evil 7: Biohazard",,,879.99,No offers,Free 
,,"Smart VR Headset,GOOVIS Pro VR Headset, Sony 1920x1080x2 HD Screen, 3D Theater Goggles,3D Viewer Support 4K Blue-ray Display,Compatible with Set-top Box, Drones, PS4, Xbox One, PC Nintendo, SmartPhone",,,890.00,No offers,Free 
,,Oculus Quest All-in-one VR Gaming Headset - 64GB - Black,$459.99,,692.99,2 ,Free 
,,VRG PRO+  VR glasses Virtual Reality 3D Glasses Full Screen Visual Wide-Angle VR Glasses For 5 to 7 inch Smartphones with Blue-ray,,,49.89,2 ,Free 
,,"LensPen VR - for AR/VR - Clean Augmented Reality, Virtual Reality Goggles, Headsets, Smart Glasses, Optics, PS4 VR, Microsoft HoloLens, Oculus Quest, Gamer - NLP-1-ARVR",,,24.99,No offers,Free 
,,VRG PRO+  VR glasses Virtual Reality 3D Glasses Full Screen Visual Wide-Angle VR Glasses For 5 to 7 inch Smartphones without Blue-ray,,,49.99,No offers,Free 
Sony,,"PlayStation VR Start Bundle (5 Items): VR Headset, Move Controller, PlayStation Camera Motion Sensor, Sony PS4 Slim 1TB Console - Jet Black, and VR Game Disc PSVR DriveClub",,,879.99,No offers,Free 
,,Bluetooth Wireless VR Virtual Reality 3D Glasses Goggles Headset with Remote for Smartphones Google 3d Box - white,,,59.99,No offers,Free 
,2,Merge VR - Virtual Reality Headset for iPhone and Android,,,79.99,No offers,Free 
CE CENTER,,Avegant Glyph AG101 VR Headset Power 3D Mobile Theater,,,148.99,No offers,Free 
Oculus VR,205,Oculus Quest 2 - Advanced All-In-One Virtual Reality Headset - 256 GB,,"$20 promotional gift card w/ purchase, limited offer",399.00,2 ,Free 
Avegant,17,Avegant Glyph AG101 VR Headset Power 3D Mobile Theater International Version,,,99.99,No offers,$4.69 
Oculus VR,321,Oculus Rift S PC-Powered VR Gaming Headset,,,380.80,3 ,Free 
Oculus VR,205,Oculus Quest 2 - Advanced All-In-One Virtual Reality Headset - 64 GB,,"$15 promotional gift card w/ purchase, limited offer",299.00,2 ,Free 
HTC,12,HTC VIVE Cosmos Elite 99HART000-00 VR Headset,,,889.99,2 ,$9.99 
HTC,13,HTC Vive Cosmos PC Based VR System,,,699.00,5 ,Free 
Oculus VR,321,Oculus Quest 128GB VR Headset,,,659.19,2 ,Free 
Oculus VR,321,"Oculus Go Standalone, All-In-One VR Headset - 64 GB",,,399.99,No offers,Free 
Oculus VR,321,Oculus Quest 64GB VR Headset,,,584.99,2 ,Free 
HTC,2,HTC VIVE Cosmos Elite 99HASF006-00 VR Headset,$484.49,,549.99,1 ,Free 
HP,3,Hp Reverb Virtual Reality Headset - Professional Edition,,,645.64,3 ,Free 
,,VR Headset Compatible With iPhone & Android Phone - Universal Virtual Reality Goggles - Play Your Best Mobile Games With Soft & Comfortable New 3D VR Glasses,,,39.99,No offers,Free 
,1,"Quest Link Cable 16ft, VOKOO Oculus Link Cable with Signal Booster, Streaming VR Game & Fast Charging USB C 3.0 Cable Compatible for Oculus Quest Headset and Gaming PC",,,59.99,No offers,Free 
Oculus VR,3,Oculus Quest VR Headset Travel Case - 301-00199-01,,,79.99,No offers,Free 
,,"KT-CASE Cover for Oculus Quest, VR Silicone Face Cover for Oculus Quest VR-Anti-Sweat, Prevent Light Leakage, Washable Eye Pad (Blue)",,,16.99,No offers,Free 
,,VeeR VR Cable Management - Virtual Reality Wire Ceiling Pulley System for Oculus Rift S/Lenovo/Playstation VR/HTC Vive/HTC Vive Pro/Samsung Odyssey VR Accessories,,,30.99,No offers,Free 
,,"KIWI design VR Stand, Headset Display Holder and Controller Holder Mount Station for Oculus Quest/Rift/Rift S/GO/HTC Vive/Vive Pro/Valve Index VR Headset and Touch Controllers",,,41.99,No offers,Free 
,,"Google Cardboard,Topmaxions 3D VR Virtual Reality DIY VR Headset for 3D Movies and Games Compatible with Android & Apple Up to 6 Inch Easy Setup Machine",,,9.99,No offers,Free 
HTC,62,HTC VIVE Pro Eye Virtual Reality Headset Only with Eye Tracking,,,813.98,3 ,Free 
HOMiDO,,Homido VR Headset V2 for iPhone Android Apple Samsung LG 2000 Apps movies,,"Limited time offer, ends 06/30",29.89,No offers,Free 
,,Knuckle Strap & Controller Grip Skin for Oculus Quest/Oculus Rift S VR Headset,,,29.99,No offers,Free 
,,"VeeR Falcon VR Headset with Controller, Eye Protection Virtual Reality Goggles to Comfortable Watch 360 Movies for Android, Samsung Galaxy, Huawei and iPhone XR(4.7-6.3inch)",,,68.99,No offers,Free 
,,KIWI design 6 Packs Retracable VR Cable Management | Ceiling Suspension System Compitable with Vive/Vive Pro Virtual Reality/Oculus Rift/Playstation VR/Microsoft MR VR Accessories (White),,,31.99,No offers,Free 
SAMSUNG,12,Samsung HMD Odyssey+ Windows Mixed Reality Headset - XE800ZBA-HC1US,,,989.00,6 ,Free 
,,Shinecon VR Headset AI08 Giant Screen Same Screen Stereo Cinema 3D Glasses Pro Virtual Reality VR For iPhone Android Smartphone,,,230.00,No offers,Free 
Dreamgear,,Dreamgear BNK-9007 Ps4 Mantis Vr Headphones For Ps Vr,,,65.00,6 ,Free 
Sony,,"PlayStation VR Bundle (5 Items): VR Headset, Playstation Camera, Playstation Move Motion Controllers, Sony PS4 Slim 1TB Console - Jet Black, VR Game Disc Resident Evil 7: Biohazard",,,879.99,No offers,Free 
,,"Smart VR Headset,GOOVIS Pro VR Headset, Sony 1920x1080x2 HD Screen, 3D Theater Goggles,3D Viewer Support 4K Blue-ray Display,Compatible with Set-top Box, Drones, PS4, Xbox One, PC Nintendo, SmartPhone",,,890.00,No offers,Free 
,,Oculus Quest All-in-one VR Gaming Headset - 64GB - Black,$459.99,,692.99,2 ,Free 
,,VRG PRO+  VR glasses Virtual Reality 3D Glasses Full Screen Visual Wide-Angle VR Glasses For 5 to 7 inch Smartphones with Blue-ray,,,49.89,2 ,Free 
,,"LensPen VR - for AR/VR - Clean Augmented Reality, Virtual Reality Goggles, Headsets, Smart Glasses, Optics, PS4 VR, Microsoft HoloLens, Oculus Quest, Gamer - NLP-1-ARVR",,,24.99,No offers,Free 
,,VRG PRO+  VR glasses Virtual Reality 3D Glasses Full Screen Visual Wide-Angle VR Glasses For 5 to 7 inch Smartphones without Blue-ray,,,49.99,No offers,Free 
Sony,,"PlayStation VR Start Bundle (5 Items): VR Headset, Move Controller, PlayStation Camera Motion Sensor, Sony PS4 Slim 1TB Console - Jet Black, and VR Game Disc PSVR DriveClub",,,879.99,No offers,Free 
,,Bluetooth Wireless VR Virtual Reality 3D Glasses Goggles Headset with Remote for Smartphones Google 3d Box - white,,,59.99,No offers,Free 
,2,Merge VR - Virtual Reality Headset for iPhone and Android,,,79.99,No offers,Free 
CE CENTER,,Avegant Glyph AG101 VR Headset Power 3D Mobile Theater,,,148.99,No offers,Free 
